step,exp,game_name,algorithm_name,log_exp
0,0.45833333333333326,kuhn_poker,CFRPlus,-0.7801585575495752
20,0.010108977366395516,kuhn_poker,CFRPlus,-4.594331401768553
40,0.0038451479471880157,kuhn_poker,CFRPlus,-5.560943198952554
60,0.002392856793020537,kuhn_poker,CFRPlus,-6.035267315966758
80,0.001116136460319328,kuhn_poker,CFRPlus,-6.797882146226352
100,0.0011944041011116013,kuhn_poker,CFRPlus,-6.730107878128643
120,0.001006374707345381,kuhn_poker,CFRPlus,-6.901400804144935
140,0.0008681769216838664,kuhn_poker,CFRPlus,-7.0491150372490585
160,0.0007908708378523699,kuhn_poker,CFRPlus,-7.142375893223424
180,0.0005903222181499745,kuhn_poker,CFRPlus,-7.434842037682982
200,0.00029496048351485005,kuhn_poker,CFRPlus,-8.128669164784066
220,0.00045990733849465837,kuhn_poker,CFRPlus,-7.684485526827594
240,0.00046801961546552584,kuhn_poker,CFRPlus,-7.667000349537092
260,0.00022404700556641344,kuhn_poker,CFRPlus,-8.403654681845254
280,0.0004043763084734253,kuhn_poker,CFRPlus,-7.813164656922257
300,0.00043340090280588606,kuhn_poker,CFRPlus,-7.743847385786459
320,0.00038165568991119225,kuhn_poker,CFRPlus,-7.870991691115634
340,0.00029238609842943686,kuhn_poker,CFRPlus,-8.137435374209836
360,6.859900227840221e-05,kuhn_poker,CFRPlus,-9.587232567384817
380,0.0002559715303962484,kuhn_poker,CFRPlus,-8.270444329058588
400,0.0002542154932979601,kuhn_poker,CFRPlus,-8.277328251821718
420,0.00027983425809202656,kuhn_poker,CFRPlus,-8.181313065443561
440,0.0003292563417048866,kuhn_poker,CFRPlus,-8.018673956463697
460,0.0002984805937676638,kuhn_poker,CFRPlus,-8.11680563974866
480,0.0002235203998157964,kuhn_poker,CFRPlus,-8.40600787373229
500,0.00017269684974366428,kuhn_poker,CFRPlus,-8.663972814184358
520,0.00019547513574469377,kuhn_poker,CFRPlus,-8.540077369518874
540,0.00017339189497611596,kuhn_poker,CFRPlus,-8.659956236485835
560,0.00013496591366057853,kuhn_poker,CFRPlus,-8.910488302810288
580,9.876217580034874e-05,kuhn_poker,CFRPlus,-9.222795862539732
600,8.385169814262294e-05,kuhn_poker,CFRPlus,-9.38646081775197
620,8.254636688204142e-05,kuhn_poker,CFRPlus,-9.402150399686686
640,7.102024058197598e-05,kuhn_poker,CFRPlus,-9.552545642930768
660,6.443051807564215e-05,kuhn_poker,CFRPlus,-9.649923153938985
680,7.604684416570584e-05,kuhn_poker,CFRPlus,-9.484161036954891
700,9.972573905550619e-05,kuhn_poker,CFRPlus,-9.21308674926513
720,0.00011660351842937566,kuhn_poker,CFRPlus,-9.056731109294091
740,0.0001159763970330907,kuhn_poker,CFRPlus,-9.062123861414188
760,0.00010899670166580888,kuhn_poker,CFRPlus,-9.12419293613968
780,0.00012107503512751028,kuhn_poker,CFRPlus,-9.019100079544852
800,0.0001412144546918681,kuhn_poker,CFRPlus,-8.865230867805609
820,0.00016769216978945733,kuhn_poker,CFRPlus,-8.693380581999461
840,0.00017468224846506342,kuhn_poker,CFRPlus,-8.65254195752076
860,0.00016500350993897683,kuhn_poker,CFRPlus,-8.709543811932512
880,0.0001486489115108125,kuhn_poker,CFRPlus,-8.813923331044034
900,0.00011554607999769706,kuhn_poker,CFRPlus,-9.06584114654719
920,0.00011665543852198978,kuhn_poker,CFRPlus,-9.056285938020498
940,8.696339153702048e-05,kuhn_poker,CFRPlus,-9.350023314796154
960,2.8856364487683805e-05,kuhn_poker,CFRPlus,-10.453179983181242
980,4.048330157066515e-05,kuhn_poker,CFRPlus,-10.114620975770798
1000,8.736532252065499e-05,kuhn_poker,CFRPlus,-9.345412121534062
1020,0.00010817119245823403,kuhn_poker,CFRPlus,-9.131795470455373
1040,0.00014458300751590825,kuhn_poker,CFRPlus,-8.841656768866132
1060,0.00013482208923668026,kuhn_poker,CFRPlus,-8.911554506169804
1080,9.688790661949165e-05,kuhn_poker,CFRPlus,-9.241955849544482
1100,9.598748731065587e-05,kuhn_poker,CFRPlus,-9.251292715505501
1120,5.5018194316636126e-05,kuhn_poker,CFRPlus,-9.807846621678944
1140,4.495641198853928e-05,kuhn_poker,CFRPlus,-10.00981716008876
1160,7.794963293364376e-05,kuhn_poker,CFRPlus,-9.459447671469091
1180,0.00011518536778906685,kuhn_poker,CFRPlus,-9.068967833489568
1200,0.00011941709986987292,kuhn_poker,CFRPlus,-9.0328881522695
1220,9.610727158576582e-05,kuhn_poker,CFRPlus,-9.25004557798521
1240,8.163435833982713e-05,kuhn_poker,CFRPlus,-9.413260326528176
1260,2.7313068549056352e-05,kuhn_poker,CFRPlus,-10.508145268883702
1280,5.95924077222143e-05,kuhn_poker,CFRPlus,-9.727982379218581
1300,9.022821385776258e-05,kuhn_poker,CFRPlus,-9.313168387590318
1320,0.00011374924849769097,kuhn_poker,CFRPlus,-9.081514106768745
1340,9.388119637085413e-05,kuhn_poker,CFRPlus,-9.27348044344469
1360,7.121505261475924e-05,kuhn_poker,CFRPlus,-9.54980634876231
1380,2.3525020430958943e-05,kuhn_poker,CFRPlus,-10.657446004014613
1400,5.3446669804085856e-05,kuhn_poker,CFRPlus,-9.836826227315711
1420,9.852586437117394e-05,kuhn_poker,CFRPlus,-9.225191461806501
1440,0.00010405776050004256,kuhn_poker,CFRPlus,-9.17056442357104
1460,6.6379768053626e-05,kuhn_poker,CFRPlus,-9.62011824589931
1480,2.3525464744794666e-05,kuhn_poker,CFRPlus,-10.657427117330062
1500,4.9434274727672145e-05,kuhn_poker,CFRPlus,-9.914866553954274
1520,8.956436015913893e-05,kuhn_poker,CFRPlus,-9.320553083194339
1540,9.842870431012174e-05,kuhn_poker,CFRPlus,-9.226178085976576
1560,6.115716253074499e-05,kuhn_poker,CFRPlus,-9.702063572179378
1580,1.8975050481040423e-05,kuhn_poker,CFRPlus,-10.872385574288732
1600,5.2261577892009914e-05,kuhn_poker,CFRPlus,-9.859249105216055
1620,9.482453893000509e-05,kuhn_poker,CFRPlus,-9.263482332726415
1640,8.642270857600609e-05,kuhn_poker,CFRPlus,-9.356260085947401
1660,5.702963760384483e-05,kuhn_poker,CFRPlus,-9.771939467298836
1680,2.4319513761694722e-05,kuhn_poker,CFRPlus,-10.624231494417545
1700,7.634113431900791e-05,kuhn_poker,CFRPlus,-9.480298651980952
1720,9.92408874788131e-05,kuhn_poker,CFRPlus,-9.217960456427607
1740,4.840042121712074e-05,kuhn_poker,CFRPlus,-9.936002041446486
1760,2.9435520860987552e-05,kuhn_poker,CFRPlus,-10.433308420346314
1780,4.7189203693981385e-05,kuhn_poker,CFRPlus,-9.961345426833676
1800,9.147043498419771e-05,kuhn_poker,CFRPlus,-9.299494752822474
1820,7.334079694942819e-05,kuhn_poker,CFRPlus,-9.520393528875795
1840,4.384852197159006e-05,kuhn_poker,CFRPlus,-10.034769546177326
1860,3.4536558134845574e-05,kuhn_poker,CFRPlus,-10.27349213888368
1880,8.199022516325316e-05,kuhn_poker,CFRPlus,-9.408910523131722
1900,7.63621757901567e-05,kuhn_poker,CFRPlus,-9.480023065665673
1920,4.883772378291851e-05,kuhn_poker,CFRPlus,-9.927007515399193
1940,3.795576831053249e-05,kuhn_poker,CFRPlus,-10.179089068030615
1960,8.17072090603943e-05,kuhn_poker,CFRPlus,-9.412368321797757
1980,5.965285468026438e-05,kuhn_poker,CFRPlus,-9.72696855339423
2000,4.364861937350417e-05,kuhn_poker,CFRPlus,-10.03933890565187
2020,5.54520232572131e-05,kuhn_poker,CFRPlus,-9.799992356876613
2040,7.384034339535939e-05,kuhn_poker,CFRPlus,-9.513605317247455
2060,6.864678279219771e-05,kuhn_poker,CFRPlus,-9.58653629076399
2080,2.956340250759304e-05,kuhn_poker,CFRPlus,-10.428973363380043
2100,4.593386595061477e-05,kuhn_poker,CFRPlus,-9.988307892678511
2120,8.209464560079982e-05,kuhn_poker,CFRPlus,-9.407637761649735
2140,6.215042133833615e-05,kuhn_poker,CFRPlus,-9.685952960652639
2160,3.315671422088329e-05,kuhn_poker,CFRPlus,-10.314265321241184
2180,6.0746387488985754e-05,kuhn_poker,CFRPlus,-9.708802942713623
2200,7.586437869872009e-05,kuhn_poker,CFRPlus,-9.486563302584699
2220,5.1623103653530844e-05,kuhn_poker,CFRPlus,-9.871541240461273
2240,3.6807584979481334e-05,kuhn_poker,CFRPlus,-10.20980662045501
2260,5.454864501344692e-05,kuhn_poker,CFRPlus,-9.816417685343891
2280,7.838120140368776e-05,kuhn_poker,CFRPlus,-9.453926437373443
2300,4.451898704102564e-05,kuhn_poker,CFRPlus,-10.01959478471278
2320,2.3127070500783553e-05,kuhn_poker,CFRPlus,-10.6745067434048
2340,7.571215322227376e-05,kuhn_poker,CFRPlus,-9.488571865858898
2360,5.505594138024983e-05,kuhn_poker,CFRPlus,-9.807160773639268
2380,2.349680948879329e-05,kuhn_poker,CFRPlus,-10.658645912465586
2400,4.804758353413319e-05,kuhn_poker,CFRPlus,-9.943318714465384
2420,7.766572676634609e-05,kuhn_poker,CFRPlus,-9.463096494860777
2440,4.4360141901150785e-05,kuhn_poker,CFRPlus,-10.023169196633509
2460,2.8358928855776178e-05,kuhn_poker,CFRPlus,-10.470568626556084
2480,6.646081107425372e-05,kuhn_poker,CFRPlus,-9.618898091166255
2500,6.0949002465532365e-05,kuhn_poker,CFRPlus,-9.705473068610099
2520,3.3662462352535005e-05,kuhn_poker,CFRPlus,-10.299127218207131
2540,4.927458569500831e-05,kuhn_poker,CFRPlus,-9.918102112976905
2560,6.624795964399466e-05,kuhn_poker,CFRPlus,-9.622105891398702
2580,4.3385668333006944e-05,kuhn_poker,CFRPlus,-10.045381394135227
2600,4.2050918542368976e-05,kuhn_poker,CFRPlus,-10.076629327732313
2620,6.700540515855447e-05,kuhn_poker,CFRPlus,-9.610737267819006
2640,3.7978233846547305e-05,kuhn_poker,CFRPlus,-10.178497355858674
2660,2.3919036581443454e-05,kuhn_poker,CFRPlus,-10.640835906388478
2680,6.0822497865764547e-05,kuhn_poker,CFRPlus,-9.707550806749706
2700,5.7680232937312725e-05,kuhn_poker,CFRPlus,-9.760596026554113
2720,3.0329619197660973e-05,kuhn_poker,CFRPlus,-10.40338579164557
2740,3.8740491724087445e-05,kuhn_poker,CFRPlus,-10.158625207136515
2760,6.365721791778967e-05,kuhn_poker,CFRPlus,-9.661997839267784
2780,3.9245311480889944e-05,kuhn_poker,CFRPlus,-10.14567857358708
2800,3.441434856610304e-05,kuhn_poker,CFRPlus,-10.277036971071158
2820,6.390292790647845e-05,kuhn_poker,CFRPlus,-9.658145377497812
2840,3.0730322477356964e-05,kuhn_poker,CFRPlus,-10.390260687983124
2860,1.9521095918961784e-05,kuhn_poker,CFRPlus,-10.844014835165874
2880,5.823960384310212e-05,kuhn_poker,CFRPlus,-9.750944956243517
2900,5.040666553360329e-05,kuhn_poker,CFRPlus,-9.895387138980702
2920,2.341096418592703e-05,kuhn_poker,CFRPlus,-10.662306090384067
2940,5.724418969824119e-05,kuhn_poker,CFRPlus,-9.768184410667436
2960,4.631778715238899e-05,kuhn_poker,CFRPlus,-9.9799844988893
2980,2.128482188420988e-05,kuhn_poker,CFRPlus,-10.757516326855894
3000,3.923119368393069e-05,kuhn_poker,CFRPlus,-10.146038370371658
3020,5.594067093561694e-05,kuhn_poker,CFRPlus,-9.791218876418679
3040,2.637768483554348e-05,kuhn_poker,CFRPlus,-10.542992176636226
3060,4.302171029910151e-05,kuhn_poker,CFRPlus,-10.053805679008345
3080,6.0258858165351814e-05,kuhn_poker,CFRPlus,-9.716860972909087
3100,3.5043104324838925e-05,kuhn_poker,CFRPlus,-10.258931702074875
3120,4.7075217753655973e-05,kuhn_poker,CFRPlus,-9.963763857756643
3140,5.12806573240987e-05,kuhn_poker,CFRPlus,-9.878196927101355
3160,1.9441467638742216e-05,kuhn_poker,CFRPlus,-10.848102265961575
3180,2.8232179963560977e-05,kuhn_poker,CFRPlus,-10.475048097158485
3200,5.965753116793371e-05,kuhn_poker,CFRPlus,-9.726890161431308
3220,3.450925651407588e-05,kuhn_poker,CFRPlus,-10.27428296515842
3240,3.2999161683200384e-05,kuhn_poker,CFRPlus,-10.319028400359851
3260,6.038241264236244e-05,kuhn_poker,CFRPlus,-9.714812676842884
3280,3.567176040339404e-05,kuhn_poker,CFRPlus,-10.241151207319145
3300,4.166732843413623e-05,kuhn_poker,CFRPlus,-10.085793227036937
3320,5.339908151283379e-05,kuhn_poker,CFRPlus,-9.837717012280248
3340,2.320182785162106e-05,kuhn_poker,CFRPlus,-10.671279495687715
3360,2.971649423169631e-05,kuhn_poker,CFRPlus,-10.42380830497508
3380,5.11610496032322e-05,kuhn_poker,CFRPlus,-9.880532065372758
3400,2.3552211101701692e-05,kuhn_poker,CFRPlus,-10.656290852240344
3420,2.980875265767846e-05,kuhn_poker,CFRPlus,-10.420708494233322
3440,5.733802719060099e-05,kuhn_poker,CFRPlus,-9.766546503566557
3460,3.194176912912905e-05,kuhn_poker,CFRPlus,-10.351596027571409
3480,3.412515237011249e-05,kuhn_poker,CFRPlus,-10.285475839410877
3500,5.756383537464105e-05,kuhn_poker,CFRPlus,-9.762616045527
3520,3.317169457361935e-05,kuhn_poker,CFRPlus,-10.313813618772723
3540,3.9140716034363754e-05,kuhn_poker,CFRPlus,-10.14834730197963
3560,5.088261035621211e-05,kuhn_poker,CFRPlus,-9.885989336077586
3580,2.961364466352867e-05,kuhn_poker,CFRPlus,-10.427275334485081
3600,4.5912381380935896e-05,kuhn_poker,CFRPlus,-9.98877573041157
3620,4.377349690129484e-05,kuhn_poker,CFRPlus,-10.03648201730262
3640,2.1217286024249882e-05,kuhn_poker,CFRPlus,-10.760694330024416
3660,4.196970382688847e-05,kuhn_poker,CFRPlus,-10.078562537424983
3680,3.911263745950966e-05,kuhn_poker,CFRPlus,-10.149064934510518
3700,1.4015051786692156e-05,kuhn_poker,CFRPlus,-11.175378678263936
3720,3.901767170103043e-05,kuhn_poker,CFRPlus,-10.151495893923498
3740,3.578079026417269e-05,kuhn_poker,CFRPlus,-10.238099393370408
3760,1.4538421091558895e-05,kuhn_poker,CFRPlus,-11.138715682432125
3780,4.576372518516614e-05,kuhn_poker,CFRPlus,-9.99201880718761
3800,3.20184987383787e-05,kuhn_poker,CFRPlus,-10.34919673661731
3820,2.1026055148781753e-05,kuhn_poker,CFRPlus,-10.769748167928991
3840,5.0723407343189475e-05,kuhn_poker,CFRPlus,-9.889123070612456
3860,2.7273027365826152e-05,kuhn_poker,CFRPlus,-10.509612352753356
3880,2.891516887232326e-05,kuhn_poker,CFRPlus,-10.451144226069461
3900,5.196556549372233e-05,kuhn_poker,CFRPlus,-9.864929260779263
3920,2.491492937317652e-05,kuhn_poker,CFRPlus,-10.60004336094588
3940,3.577468205043233e-05,kuhn_poker,CFRPlus,-10.238270120040434
3960,4.864367463036645e-05,kuhn_poker,CFRPlus,-9.930988775660621
3980,1.938037672799542e-05,kuhn_poker,CFRPlus,-10.851249512681537
4000,4.30441878064014e-05,kuhn_poker,CFRPlus,-10.053283346509511
4020,4.126731278181195e-05,kuhn_poker,CFRPlus,-10.095439829433086
4040,1.9870417158091014e-05,kuhn_poker,CFRPlus,-10.826278507252985
4060,4.929868245540092e-05,kuhn_poker,CFRPlus,-9.917613202315328
4080,3.178069970491415e-05,kuhn_poker,CFRPlus,-10.356651379951629
4100,2.5287144944929896e-05,kuhn_poker,CFRPlus,-10.585214396303341
4120,5.107598322562357e-05,kuhn_poker,CFRPlus,-9.882196166821824
4140,2.809841572512517e-05,kuhn_poker,CFRPlus,-10.479797363102763
4160,3.331468501890922e-05,kuhn_poker,CFRPlus,-10.309512266627241
4180,4.6681309321200404e-05,kuhn_poker,CFRPlus,-9.972166702070378
4200,1.860993202190686e-05,kuhn_poker,CFRPlus,-10.89181514008912
4220,4.2829370260816235e-05,kuhn_poker,CFRPlus,-10.058286469671419
4240,3.697504832286813e-05,kuhn_poker,CFRPlus,-10.205267242461757
4260,2.1050781109144268e-05,kuhn_poker,CFRPlus,-10.768572891201575
4280,4.8607005395107095e-05,kuhn_poker,CFRPlus,-9.93174289351332
4300,2.743100056304404e-05,kuhn_poker,CFRPlus,-10.50383677671889
4320,2.918651278399631e-05,kuhn_poker,CFRPlus,-10.441803846353556
4340,4.6385640763341174e-05,kuhn_poker,CFRPlus,-9.978520612933947
4360,1.77182642696061e-05,kuhn_poker,CFRPlus,-10.940914570767566
4380,3.7958425411432906e-05,kuhn_poker,CFRPlus,-10.179019065287486
4400,3.5842201428326614e-05,kuhn_poker,CFRPlus,-10.236384547962473
4420,1.756117576826033e-05,kuhn_poker,CFRPlus,-10.949820014808612
4440,4.4084394069998645e-05,kuhn_poker,CFRPlus,-10.029404714104098
4460,2.203866566993784e-05,kuhn_poker,CFRPlus,-10.722712116803645
4480,2.363819146689039e-05,kuhn_poker,CFRPlus,-10.65264687144551
4500,4.047188163250337e-05,kuhn_poker,CFRPlus,-10.114903105655152
4520,1.2556341786373881e-05,kuhn_poker,CFRPlus,-11.28528469839504
4540,3.361274309762741e-05,kuhn_poker,CFRPlus,-10.300605304037619
4560,2.7824456631658778e-05,kuhn_poker,CFRPlus,-10.489595189055917
4580,1.8171477444484108e-05,kuhn_poker,CFRPlus,-10.91565736656224
4600,3.8955401732987394e-05,kuhn_poker,CFRPlus,-10.153093111489477
4620,1.5060833117142014e-05,kuhn_poker,CFRPlus,-11.103413017259266
4640,3.339911545477414e-05,kuhn_poker,CFRPlus,-10.306981141722307
4660,3.413648004818581e-05,kuhn_poker,CFRPlus,-10.285143949364418
4680,2.1280566091907982e-05,kuhn_poker,CFRPlus,-10.757716291781314
4700,4.137195781711567e-05,kuhn_poker,CFRPlus,-10.092907254049072
4720,2.3756464609836492e-05,kuhn_poker,CFRPlus,-10.647655870423337
4740,2.9566350995768875e-05,kuhn_poker,CFRPlus,-10.42887363395438
4760,4.1678343128404016e-05,kuhn_poker,CFRPlus,-10.085528913506902
4780,1.9242602057684133e-05,kuhn_poker,CFRPlus,-10.858383879787725
4800,3.650362412399577e-05,kuhn_poker,CFRPlus,-10.218099011236482
4820,3.290834322486336e-05,kuhn_poker,CFRPlus,-10.321784338881443
4840,1.9478126618094338e-05,kuhn_poker,CFRPlus,-10.846218433876812
4860,4.423049517923716e-05,kuhn_poker,CFRPlus,-10.026096070595337
4880,1.9922724345727838e-05,kuhn_poker,CFRPlus,-10.823649550815444
4900,3.043300189742304e-05,kuhn_poker,CFRPlus,-10.399982949646414
4920,3.3775261603835594e-05,kuhn_poker,CFRPlus,-10.295781928660649
4940,1.3229759781657746e-05,kuhn_poker,CFRPlus,-11.233041737095393
4960,3.763369596695987e-05,kuhn_poker,CFRPlus,-10.187610739554374
4980,1.5859338761359254e-05,kuhn_poker,CFRPlus,-11.051752034848706
5000,2.7687859566860595e-05,kuhn_poker,CFRPlus,-10.49451652362977
5020,3.180180349615647e-05,kuhn_poker,CFRPlus,-10.355987556070692
5040,2.0085763535598877e-05,kuhn_poker,CFRPlus,-10.81549927566031
5060,3.872860684564494e-05,kuhn_poker,CFRPlus,-10.158932036020682
5080,2.264286569009233e-05,kuhn_poker,CFRPlus,-10.695665736221905
5100,2.9135910732697168e-05,kuhn_poker,CFRPlus,-10.443539098798338
5120,3.807000395117388e-05,kuhn_poker,CFRPlus,-10.1760838837828
5140,1.5573451525918713e-05,kuhn_poker,CFRPlus,-11.069942918720061
5160,3.9870491512383754e-05,kuhn_poker,CFRPlus,-10.129874068771809
5180,2.380888340325349e-05,kuhn_poker,CFRPlus,-10.64545179469059
5200,2.3993203968564192e-05,kuhn_poker,CFRPlus,-10.637739935692442
5220,3.620621095876131e-05,kuhn_poker,CFRPlus,-10.226279880403144
5240,1.1477754387562156e-05,kuhn_poker,CFRPlus,-11.375099797046683
5260,3.353289413363103e-05,kuhn_poker,CFRPlus,-10.302983686459147
5280,1.7542246276203155e-05,kuhn_poker,CFRPlus,-10.950898513301896
5300,2.782521987360065e-05,kuhn_poker,CFRPlus,-10.48956775881769
5320,3.250879237504112e-05,kuhn_poker,CFRPlus,-10.333999970599823
5340,1.9035462559824357e-05,kuhn_poker,CFRPlus,-10.869206867935212
5360,3.6475898686522124e-05,kuhn_poker,CFRPlus,-10.218858825434761
5380,2.4746327855817984e-05,kuhn_poker,CFRPlus,-10.606833449419312
5400,2.5376503935248262e-05,kuhn_poker,CFRPlus,-10.581686853974455
5420,3.6344049256537e-05,kuhn_poker,CFRPlus,-10.222480074221467
5440,1.458254615382959e-05,kuhn_poker,CFRPlus,-11.13568521330874
5460,3.688684434977052e-05,kuhn_poker,CFRPlus,-10.207655592173195
5480,1.6294117925808038e-05,kuhn_poker,CFRPlus,-11.0247063787258
5500,2.3074032209802198e-05,kuhn_poker,CFRPlus,-10.676802719525238
5520,2.7732115045780992e-05,kuhn_poker,CFRPlus,-10.492919428407816
5540,2.0130466891921106e-05,kuhn_poker,CFRPlus,-10.813276124745427
5560,3.4942103207508124e-05,kuhn_poker,CFRPlus,-10.261818060235766
5580,1.8911273418631414e-05,kuhn_poker,CFRPlus,-10.875752336544215
5600,2.9168503158594206e-05,kuhn_poker,CFRPlus,-10.442421089813541
5620,2.993344887938787e-05,kuhn_poker,CFRPlus,-10.4165340112185
5640,1.7935996938861498e-05,kuhn_poker,CFRPlus,-10.928700862304563
5660,3.763670709450162e-05,kuhn_poker,CFRPlus,-10.18753073127965
5680,1.273540772697701e-05,kuhn_poker,CFRPlus,-11.271124433792751
5700,2.9087349390694017e-05,kuhn_poker,CFRPlus,-10.445207207150936
5720,1.9675132904600767e-05,kuhn_poker,CFRPlus,-10.836155008684855
5740,2.4720087344470842e-05,kuhn_poker,CFRPlus,-10.607894392028646
5760,3.187439098453759e-05,kuhn_poker,CFRPlus,-10.353707661035662
5780,1.6486951789684845e-05,kuhn_poker,CFRPlus,-11.012941290530659
5800,3.560453869788649e-05,kuhn_poker,CFRPlus,-10.243037436718977
5820,2.2399408406315047e-05,kuhn_poker,CFRPlus,-10.706476009884405
5840,2.5514270633880676e-05,kuhn_poker,CFRPlus,-10.576272629634671
5860,3.024056206188397e-05,kuhn_poker,CFRPlus,-10.40632642012316
5880,1.2380584231114211e-05,kuhn_poker,CFRPlus,-11.299381100293505
5900,3.263562281011212e-05,kuhn_poker,CFRPlus,-10.330106141943608
5920,1.2588411752639805e-05,kuhn_poker,CFRPlus,-11.282733869363817
5940,3.225768607240109e-05,kuhn_poker,CFRPlus,-10.341754215291667
5960,2.215001264030403e-05,kuhn_poker,CFRPlus,-10.717672490804938
5980,2.1322614896041037e-05,kuhn_poker,CFRPlus,-10.755742316279399
6000,3.52100773576558e-05,kuhn_poker,CFRPlus,-10.254178227763209
6020,1.3837311056225099e-05,kuhn_poker,CFRPlus,-11.188141914496086
6040,3.406367905450791e-05,kuhn_poker,CFRPlus,-10.287278871695607
6060,1.498247874340275e-05,kuhn_poker,CFRPlus,-11.108629123376783
6080,2.3304359349163306e-05,kuhn_poker,CFRPlus,-10.666870118362379
6100,2.3702033518674392e-05,kuhn_poker,CFRPlus,-10.649949711028297
6120,2.1769169878282923e-05,kuhn_poker,CFRPlus,-10.735015814897164
6140,3.38451396092454e-05,kuhn_poker,CFRPlus,-10.293715155052974
6160,1.3893693105782035e-05,kuhn_poker,CFRPlus,-11.184075554192749
6180,3.31905616211825e-05,kuhn_poker,CFRPlus,-10.313245010978072
6200,1.9820204561343813e-05,kuhn_poker,CFRPlus,-10.8288087081599
6220,2.0439866840610277e-05,kuhn_poker,CFRPlus,-10.798023307297237
6240,2.6216034183262904e-05,kuhn_poker,CFRPlus,-10.549139342660201
6260,1.6981535196552988e-05,kuhn_poker,CFRPlus,-10.983383969121293
6280,3.140578905802549e-05,kuhn_poker,CFRPlus,-10.368518317137916
6300,1.5062034468604768e-05,kuhn_poker,CFRPlus,-11.103333253839667
6320,3.073222330818304e-05,kuhn_poker,CFRPlus,-10.390198834677102
6340,2.1771223828737085e-05,kuhn_poker,CFRPlus,-10.734921468003128
6360,2.0672899010837353e-05,kuhn_poker,CFRPlus,-10.786686942008373
6380,2.8122316483830678e-05,kuhn_poker,CFRPlus,-10.478947115900128
6400,1.229294561305716e-05,kuhn_poker,CFRPlus,-11.306484987509377
6420,3.008563047215973e-05,kuhn_poker,CFRPlus,-10.411462893149242
6440,1.4891234696556843e-05,kuhn_poker,CFRPlus,-11.114737793513592
6460,2.8856264116777774e-05,kuhn_poker,CFRPlus,-10.453183461480826
6480,2.1187334221406395e-05,kuhn_poker,CFRPlus,-10.762106997212616
6500,2.121917467615142e-05,kuhn_poker,CFRPlus,-10.760605319212882
6520,2.8422869396776962e-05,kuhn_poker,CFRPlus,-10.468316476395467
6540,1.0749890794858885e-05,kuhn_poker,CFRPlus,-11.44061496205998
6560,2.9531103557522975e-05,kuhn_poker,CFRPlus,-10.430066492181245
6580,1.4087557327208122e-05,kuhn_poker,CFRPlus,-11.170218609239624
6600,2.9431170923827077e-05,kuhn_poker,CFRPlus,-10.433456209768023
6620,2.039354396971005e-05,kuhn_poker,CFRPlus,-10.800292179274994
6640,2.2587084092834386e-05,kuhn_poker,CFRPlus,-10.698132315371648
6660,2.6907443773122042e-05,kuhn_poker,CFRPlus,-10.52310758944604
6680,1.2008555559689382e-05,kuhn_poker,CFRPlus,-11.329891198906425
6700,2.8771109904707215e-05,kuhn_poker,CFRPlus,-10.456138802601076
6720,1.4256123170158785e-05,kuhn_poker,CFRPlus,-11.158324047391073
6740,2.942674432540593e-05,kuhn_poker,CFRPlus,-10.433606626187318
6760,1.905109639285807e-05,kuhn_poker,CFRPlus,-10.86838590461683
6780,2.505255969600939e-05,kuhn_poker,CFRPlus,-10.594534552180347
6800,2.3554793754654302e-05,kuhn_poker,CFRPlus,-10.656181201755748
6820,1.4017453600773111e-05,kuhn_poker,CFRPlus,-11.175207319046939
6840,2.6806424370362514e-05,kuhn_poker,CFRPlus,-10.526868983862553
6860,1.58762704928761e-05,kuhn_poker,CFRPlus,-11.050684985340519
6880,3.065757446746309e-05,kuhn_poker,CFRPlus,-10.392630798300276
6900,1.5895117606939957e-05,kuhn_poker,CFRPlus,-11.049498564639265
6920,2.8273865967626266e-05,kuhn_poker,CFRPlus,-10.473572644012163
6940,1.8539748453838545e-05,kuhn_poker,CFRPlus,-10.895593565672732
6960,1.7281721868211974e-05,kuhn_poker,CFRPlus,-10.965861154401455
6980,2.2924897973286562e-05,kuhn_poker,CFRPlus,-10.68328699028807
7000,1.8992856895938548e-05,kuhn_poker,CFRPlus,-10.87144760233116
7020,3.065614008518347e-05,kuhn_poker,CFRPlus,-10.39267758660173
7040,1.250010343720187e-05,kuhn_poker,CFRPlus,-11.289773638714108
7060,3.074343322378992e-05,kuhn_poker,CFRPlus,-10.389834140215473
7080,1.2827061104281334e-05,kuhn_poker,CFRPlus,-11.263953469934407
7100,2.2313729013484496e-05,kuhn_poker,CFRPlus,-10.710308418104525
7120,1.743633595999161e-05,kuhn_poker,CFRPlus,-10.956954255593462
7140,2.2293392400840606e-05,kuhn_poker,CFRPlus,-10.71122022830021
7160,2.7677875261339357e-05,kuhn_poker,CFRPlus,-10.494877190950827
7180,1.3578941217534668e-05,kuhn_poker,CFRPlus,-11.206990405181452
7200,2.985481374923049e-05,kuhn_poker,CFRPlus,-10.41916446649657
7220,8.756099902473835e-06,kuhn_poker,CFRPlus,-11.645759968766892
7240,2.6418794363575193e-05,kuhn_poker,CFRPlus,-10.541434893386914
7260,1.4250569687124237e-05,kuhn_poker,CFRPlus,-11.158713674004908
7280,2.454704662388507e-05,kuhn_poker,CFRPlus,-10.614919011413171
7300,2.1047633011972433e-05,kuhn_poker,CFRPlus,-10.768722450145464
7320,1.7590613326595728e-05,kuhn_poker,CFRPlus,-10.948145131909335
7340,2.3739568678987633e-05,kuhn_poker,CFRPlus,-10.648367337482442
7360,1.559850246823924e-05,kuhn_poker,CFRPlus,-11.068335643942348
7380,2.7609244813847633e-05,kuhn_poker,CFRPlus,-10.497359884303284
7400,1.1078647574908063e-05,kuhn_poker,CFRPlus,-11.410490944121415
7420,3.041375250670275e-05,kuhn_poker,CFRPlus,-10.400615666758476
7440,1.296041826698291e-05,kuhn_poker,CFRPlus,-11.253610593873978
7460,2.3133363481975255e-05,kuhn_poker,CFRPlus,-10.67423467586506
7480,1.4677155737080616e-05,kuhn_poker,CFRPlus,-11.129218304430099
7500,2.3592913843878405e-05,kuhn_poker,CFRPlus,-10.654564151872634
7520,2.3603429531948716e-05,kuhn_poker,CFRPlus,-10.654118537340144
7540,1.5162047276390256e-05,kuhn_poker,CFRPlus,-11.09671514225098
7560,2.7775020298853592e-05,kuhn_poker,CFRPlus,-10.491373491607034
7580,8.977665251846956e-06,kuhn_poker,CFRPlus,-11.620770703680922
7600,2.6307478635717585e-05,kuhn_poker,CFRPlus,-10.545657300430317
7620,1.2545307957412266e-05,kuhn_poker,CFRPlus,-11.2861638302278
7640,2.766825238531556e-05,kuhn_poker,CFRPlus,-10.495224925346347
7660,1.5451331374954913e-05,kuhn_poker,CFRPlus,-11.07781538519697
7680,2.2141169574801944e-05,kuhn_poker,CFRPlus,-10.71807180575556
7700,1.6764758102777444e-05,kuhn_poker,CFRPlus,-10.996231606854177
7720,2.0836652078332074e-05,kuhn_poker,CFRPlus,-10.778797002816948
7740,2.3123664705165803e-05,kuhn_poker,CFRPlus,-10.674654018712264
7760,1.3664022254306074e-05,kuhn_poker,CFRPlus,-11.200744292237735
7780,2.8541891094552296e-05,kuhn_poker,CFRPlus,-10.464137686914114
7800,9.621154947708765e-06,kuhn_poker,CFRPlus,-11.551546243558533
7820,2.5782270371865756e-05,kuhn_poker,CFRPlus,-10.565823497152262
7840,1.214762726295393e-05,kuhn_poker,CFRPlus,-11.318376694248382
7860,2.6187854687970136e-05,kuhn_poker,CFRPlus,-10.550214816202942
7880,1.5846220178444836e-05,kuhn_poker,CFRPlus,-11.052579560626627
7900,2.251338431721872e-05,kuhn_poker,CFRPlus,-10.701400567069054
7920,1.640180060960561e-05,kuhn_poker,CFRPlus,-11.018119435892327
7940,1.991314997007443e-05,kuhn_poker,CFRPlus,-10.824130241951373
7960,2.1382954973225843e-05,kuhn_poker,CFRPlus,-10.752916449886635
7980,1.4231837381084578e-05,kuhn_poker,CFRPlus,-11.160029033952938
8000,2.733597873277871e-05,kuhn_poker,CFRPlus,-10.507306821144757
8020,1.0021977878443833e-05,kuhn_poker,CFRPlus,-11.510730088728735
8040,2.5293735504750003e-05,kuhn_poker,CFRPlus,-10.584953801398752
8060,1.2355920765066974e-05,kuhn_poker,CFRPlus,-11.301375195597084
8080,2.6741880809255658e-05,kuhn_poker,CFRPlus,-10.529279651843446
8100,1.377289068010823e-05,kuhn_poker,CFRPlus,-11.192808341321289
8120,2.4106979814308982e-05,kuhn_poker,CFRPlus,-10.633009140548115
8140,1.3358851589651e-05,kuhn_poker,CFRPlus,-11.223331352408907
8160,2.1784130059987472e-05,kuhn_poker,CFRPlus,-10.734328832174196
8180,1.8307013528950922e-05,kuhn_poker,CFRPlus,-10.908226318591414
8200,1.6628378218835893e-05,kuhn_poker,CFRPlus,-11.004399790931926
8220,2.3906172893800592e-05,kuhn_poker,CFRPlus,-10.641373852300028
8240,1.1114778856624596e-05,kuhn_poker,CFRPlus,-11.407234906686249
8260,2.339801414127929e-05,kuhn_poker,CFRPlus,-10.662859404959216
8280,1.4200261326924313e-05,kuhn_poker,CFRPlus,-11.162250190221869
8300,2.760768064796748e-05,kuhn_poker,CFRPlus,-10.497416539608428
8320,1.1082516620269933e-05,kuhn_poker,CFRPlus,-11.410141770642342
8340,2.5585227964530777e-05,kuhn_poker,CFRPlus,-10.573495405661676
8360,9.080163053926116e-06,kuhn_poker,CFRPlus,-11.609418408031456
8380,2.4321475483313204e-05,kuhn_poker,CFRPlus,-10.624150833162501
8400,1.5152354615410868e-05,kuhn_poker,CFRPlus,-11.097354617926225
8420,2.163933981447208e-05,kuhn_poker,CFRPlus,-10.740997612100525
8440,1.7174944070663667e-05,kuhn_poker,CFRPlus,-10.972058976299959
8460,1.611629196102138e-05,kuhn_poker,CFRPlus,-11.035679874578037
8480,1.8798741903802707e-05,kuhn_poker,CFRPlus,-10.881720610378109
8500,1.657296557361354e-05,kuhn_poker,CFRPlus,-11.0077377700824
8520,2.502194601472496e-05,kuhn_poker,CFRPlus,-10.595757277583784
8540,1.1097886699423798e-05,kuhn_poker,CFRPlus,-11.408755855211272
8560,2.3744151865207064e-05,kuhn_poker,CFRPlus,-10.648174295059434
8580,1.2711474895732433e-05,kuhn_poker,CFRPlus,-11.273005437344814
8600,2.5971234230981466e-05,kuhn_poker,CFRPlus,-10.558521008159705
8620,1.0987384308769332e-05,kuhn_poker,CFRPlus,-11.41876282435819
8640,2.54889771057476e-05,kuhn_poker,CFRPlus,-10.577264469618498
8660,9.267398929646564e-06,kuhn_poker,CFRPlus,-11.589007807872921
8680,2.3082506536376002e-05,kuhn_poker,CFRPlus,-10.676435520125143
8700,1.3799915189294243e-05,kuhn_poker,CFRPlus,-11.190848111523316
8720,2.1691036345167225e-05,kuhn_poker,CFRPlus,-10.738611454406737
8740,1.6142757870485358e-05,kuhn_poker,CFRPlus,-11.034039037942106
8760,1.5761987732232363e-05,kuhn_poker,CFRPlus,-11.057909356346
8780,1.6866031509937818e-05,kuhn_poker,CFRPlus,-10.990208928561595
8800,1.749924327756891e-05,kuhn_poker,CFRPlus,-10.953352919251515
8820,2.281085039571029e-05,kuhn_poker,CFRPlus,-10.688274240657078
8840,1.2083188353217977e-05,kuhn_poker,CFRPlus,-11.323695463758055
8860,2.1844179118241103e-05,kuhn_poker,CFRPlus,-10.73157607382513
8880,1.4102510152352865e-05,kuhn_poker,CFRPlus,-11.169157751435156
8900,2.5100392337495947e-05,kuhn_poker,CFRPlus,-10.592627080972763
8920,1.061312267083836e-05,kuhn_poker,CFRPlus,-11.453419334706362
8940,2.512558044295843e-05,kuhn_poker,CFRPlus,-10.591624089644585
8960,7.678264781013633e-06,kuhn_poker,CFRPlus,-11.777116976305157
8980,2.3047620361871246e-05,kuhn_poker,CFRPlus,-10.677948031947729
9000,1.1292878679958207e-05,kuhn_poker,CFRPlus,-11.39133823622225
9020,2.434532221809449e-05,kuhn_poker,CFRPlus,-10.623170832923483
9040,1.132056846656071e-05,kuhn_poker,CFRPlus,-11.388889268556058
9060,1.9571115101674197e-05,kuhn_poker,CFRPlus,-10.84145579802251
9080,1.2575866274677772e-05,kuhn_poker,CFRPlus,-11.283730955708817
9100,1.9568763016120094e-05,kuhn_poker,CFRPlus,-10.841575986723653
9120,1.7011273336142718e-05,kuhn_poker,CFRPlus,-10.981634296266359
9140,1.5377323971471624e-05,kuhn_poker,CFRPlus,-11.082616603078057
9160,1.6309186853441515e-05,kuhn_poker,CFRPlus,-11.023781998279798
9180,1.7841921225114632e-05,kuhn_poker,CFRPlus,-10.933959744620047
9200,2.1572932018126822e-05,kuhn_poker,CFRPlus,-10.744071176428776
9220,1.2593791475529192e-05,kuhn_poker,CFRPlus,-11.282306605480471
9240,2.07758688265669e-05,kuhn_poker,CFRPlus,-10.78171839732385
9260,1.409493268622608e-05,kuhn_poker,CFRPlus,-11.169695209129639
9280,2.3459612944726205e-05,kuhn_poker,CFRPlus,-10.660230213394817
9300,1.0702754242947199e-05,kuhn_poker,CFRPlus,-11.445009443736708
9320,2.4114910782496723e-05,kuhn_poker,CFRPlus,-10.632680204118575
9340,8.496533993429534e-06,kuhn_poker,CFRPlus,-11.675852243105831
9360,2.2914446304228564e-05,kuhn_poker,CFRPlus,-10.683743003322455
9380,9.698761303106318e-06,kuhn_poker,CFRPlus,-11.543512381320056
9400,2.4865116296290957e-05,kuhn_poker,CFRPlus,-10.602044688700488
9420,8.826106185549909e-06,kuhn_poker,CFRPlus,-11.637796616195647
9440,2.096847240534716e-05,kuhn_poker,CFRPlus,-10.77249056237308
9460,1.0225606230623852e-05,kuhn_poker,CFRPlus,-11.490615568734368
9480,2.2737141204043354e-05,kuhn_poker,CFRPlus,-10.691510794165666
9500,1.2199587318767469e-05,kuhn_poker,CFRPlus,-11.314108433127721
9520,1.854463088243885e-05,kuhn_poker,CFRPlus,-10.89533025110655
9540,1.1591227047469399e-05,kuhn_poker,CFRPlus,-11.365262034994023
9560,1.8791339857548994e-05,kuhn_poker,CFRPlus,-10.882114440133329
9580,1.5927477693550296e-05,kuhn_poker,CFRPlus,-11.047464783455867
9600,1.6157931872123887e-05,kuhn_poker,CFRPlus,-11.03309949127139
9620,1.4506830278204763e-05,kuhn_poker,CFRPlus,-11.140890965779402
9640,1.8353143252797244e-05,kuhn_poker,CFRPlus,-10.905709703702543
9660,1.8938687015856992e-05,kuhn_poker,CFRPlus,-10.874303795953718
9680,1.3969117024392741e-05,kuhn_poker,CFRPlus,-11.17866159181872
9700,1.796664666123271e-05,kuhn_poker,CFRPlus,-10.92699348219304
9720,1.5692419045004735e-05,kuhn_poker,CFRPlus,-11.062332825601567
9740,2.079896216133914e-05,kuhn_poker,CFRPlus,-10.780607468591318
9760,1.1997567934907138e-05,kuhn_poker,CFRPlus,-11.33080660080811
9780,2.1125203929717173e-05,kuhn_poker,CFRPlus,-10.765043731289895
9800,1.1737134417905137e-05,kuhn_poker,CFRPlus,-11.35275286041931
9820,2.1585228499709785e-05,kuhn_poker,CFRPlus,-10.743501342971179
9840,1.03115009577881e-05,kuhn_poker,CFRPlus,-11.482250687816885
9860,2.329602109510387e-05,kuhn_poker,CFRPlus,-10.66722798042569
9880,7.714707750017258e-06,kuhn_poker,CFRPlus,-11.772381953616188
9900,2.1588142185113846e-05,kuhn_poker,CFRPlus,-10.74336636692635
9920,9.136145968591247e-06,kuhn_poker,CFRPlus,-11.603271927880614
9940,2.413298131703767e-05,kuhn_poker,CFRPlus,-10.63193113365769
9960,7.951820905238716e-06,kuhn_poker,CFRPlus,-11.742109610840648
9980,2.1096480886051427e-05,kuhn_poker,CFRPlus,-10.766404314043617
10000,9.632756981570179e-06,kuhn_poker,CFRPlus,-11.550341082206568
10020,2.365957507469152e-05,kuhn_poker,CFRPlus,-10.651742659224865
10040,9.217267033068133e-06,kuhn_poker,CFRPlus,-11.594431981573774
10060,2.0322196407185356e-05,kuhn_poker,CFRPlus,-10.803796850190603
10080,9.710224758041619e-06,kuhn_poker,CFRPlus,-11.542331128859763
10100,2.2176893355152494e-05,kuhn_poker,CFRPlus,-10.716459650993999
10120,1.0821166546548522e-05,kuhn_poker,CFRPlus,-11.43400647644353
10140,1.9398792884983695e-05,kuhn_poker,CFRPlus,-10.850299716254408
10160,9.36855638961065e-06,kuhn_poker,CFRPlus,-11.578151540860937
10180,2.0108587873268746e-05,kuhn_poker,CFRPlus,-10.814363576771132
10200,1.243649515939027e-05,kuhn_poker,CFRPlus,-11.29487524994815
10220,1.8401364681702725e-05,kuhn_poker,CFRPlus,-10.903085728615762
10240,1.0353625510245434e-05,kuhn_poker,CFRPlus,-11.478173808745442
10260,1.9216844293956648e-05,kuhn_poker,CFRPlus,-10.859723356562466
10280,1.3866670886070187e-05,kuhn_poker,CFRPlus,-11.186022375081304
10300,1.7370864616811366e-05,kuhn_poker,CFRPlus,-10.96071620250727
10320,1.1814278640137621e-05,kuhn_poker,CFRPlus,-11.346201703769282
10340,1.8833549142560635e-05,kuhn_poker,CFRPlus,-10.879870749648616
10360,1.5029064325822183e-05,kuhn_poker,CFRPlus,-11.105524609908215
10380,1.6334996490507958e-05,kuhn_poker,CFRPlus,-11.022200727756202
10400,1.3372337450273664e-05,kuhn_poker,CFRPlus,-11.222322354137512
10420,1.784884499736461e-05,kuhn_poker,CFRPlus,-10.933571757862145
10440,1.5918192637548456e-05,kuhn_poker,CFRPlus,-11.048047911784987
10460,1.532065967660423e-05,kuhn_poker,CFRPlus,-11.086308334748313
10480,1.4871918374681492e-05,kuhn_poker,CFRPlus,-11.116035796083493
10500,1.6506255318654572e-05,kuhn_poker,CFRPlus,-11.011771138680373
10520,1.65678942465608e-05,kuhn_poker,CFRPlus,-11.008043816885039
10540,1.435721981368765e-05,kuhn_poker,CFRPlus,-11.151257619377473
10560,1.620572049074176e-05,kuhn_poker,CFRPlus,-11.030146261344514
10580,1.5029784159542592e-05,kuhn_poker,CFRPlus,-11.105476714945047
10600,1.7023655960735073e-05,kuhn_poker,CFRPlus,-10.980906654082608
10620,1.3473837872701733e-05,kuhn_poker,CFRPlus,-11.214760688101602
10640,1.7314257028361313e-05,kuhn_poker,CFRPlus,-10.963980290163557
10660,1.3591313492017365e-05,kuhn_poker,CFRPlus,-11.20607968310909
10680,1.732734570730754e-05,kuhn_poker,CFRPlus,-10.96322462769211
10700,1.269523112004678e-05,kuhn_poker,CFRPlus,-11.274284137376913
10720,1.8176918744894355e-05,kuhn_poker,CFRPlus,-10.915357969558722
10740,1.2304108813587789e-05,kuhn_poker,CFRPlus,-11.305577301482957
10760,1.7511284909010882e-05,kuhn_poker,CFRPlus,-10.952665032919
10780,1.2038934456504169e-05,kuhn_poker,CFRPlus,-11.327364622290332
10800,1.879979898711248e-05,kuhn_poker,CFRPlus,-10.8816643803604
10820,1.1230850773424894e-05,kuhn_poker,CFRPlus,-11.396846033096411
10840,1.7597461439172735e-05,kuhn_poker,CFRPlus,-10.94775590273388
10860,1.1515071426992929e-05,kuhn_poker,CFRPlus,-11.371853821758808
10880,1.920368695385033e-05,kuhn_poker,CFRPlus,-10.860408268519347
10900,1.0397259522371138e-05,kuhn_poker,CFRPlus,-11.473968294005454
10920,1.7598788343758942e-05,kuhn_poker,CFRPlus,-10.947680502394638
10940,1.1196649777972523e-05,kuhn_poker,CFRPlus,-11.399895951377358
10960,1.9414136093159895e-05,kuhn_poker,CFRPlus,-10.849509092646276
10980,9.805910425764175e-06,kuhn_poker,CFRPlus,-11.532525249412464
11000,1.7520788720831737e-05,kuhn_poker,CFRPlus,-10.95212245515701
11020,1.1376086665237928e-05,kuhn_poker,CFRPlus,-11.383997066680129
11040,1.9454337807173205e-05,kuhn_poker,CFRPlus,-10.847440489260816
11060,9.447612457386123e-06,kuhn_poker,CFRPlus,-11.569748498392064
11080,1.736313037034587e-05,kuhn_poker,CFRPlus,-10.961161544115466
11100,1.1552539306736165e-05,kuhn_poker,CFRPlus,-11.368605291763618
11120,1.9340771966941395e-05,kuhn_poker,CFRPlus,-10.853295153175162
11140,9.309472921659179e-06,kuhn_poker,CFRPlus,-11.584478082492854
11160,1.7120981962243098e-05,kuhn_poker,CFRPlus,-10.975205831287905
11180,1.1732698944527664e-05,kuhn_poker,CFRPlus,-11.353130832717774
11200,1.9081244390678487e-05,kuhn_poker,CFRPlus,-10.866804674433604
11220,9.440044929476255e-06,kuhn_poker,CFRPlus,-11.570549818339774
11240,1.678638720639669e-05,kuhn_poker,CFRPlus,-10.994942285347195
11260,1.1921529958935917e-05,kuhn_poker,CFRPlus,-11.337164552303792
11280,1.8674862001355486e-05,kuhn_poker,CFRPlus,-10.888332216458345
11300,9.690500320652662e-06,kuhn_poker,CFRPlus,-11.544364500716227
11320,1.6349908369434063e-05,kuhn_poker,CFRPlus,-11.021288264952677
11340,1.2119638977597935e-05,kuhn_poker,CFRPlus,-11.32068336509366
11360,1.8113610493586396e-05,kuhn_poker,CFRPlus,-10.91884694130187
11380,1.0112805251399903e-05,kuhn_poker,CFRPlus,-11.501708090482715
11400,1.5802755740007557e-05,kuhn_poker,CFRPlus,-11.055326219215164
11420,1.2321707759999079e-05,kuhn_poker,CFRPlus,-11.30414799258229
11440,1.7385363376698493e-05,kuhn_poker,CFRPlus,-10.959881890985844
11460,1.0763463673263418e-05,kuhn_poker,CFRPlus,-11.439353152310552
11480,1.5139520620738312e-05,kuhn_poker,CFRPlus,-11.09820197355148
11500,1.2516477341739662e-05,kuhn_poker,CFRPlus,-11.28846459436303
11520,1.647826646999917e-05,kuhn_poker,CFRPlus,-11.013468228943033
11540,1.1591225525298121e-05,kuhn_poker,CFRPlus,-11.36526216631501
11560,1.4361466671108936e-05,kuhn_poker,CFRPlus,-11.150961863688613
11580,1.3365029960521468e-05,kuhn_poker,CFRPlus,-11.222868966660867
11600,1.538643959297925e-05,kuhn_poker,CFRPlus,-11.08202398236341
11620,1.2575654652319246e-05,kuhn_poker,CFRPlus,-11.283747783506957
11640,1.3480111063390865e-05,kuhn_poker,CFRPlus,-11.214295213390104
11660,1.4368773759043663e-05,kuhn_poker,CFRPlus,-11.150453194914325
11680,1.41167800867259e-05,kuhn_poker,CFRPlus,-11.168146391087785
11700,1.36788488091788e-05,kuhn_poker,CFRPlus,-11.199659800686613
11720,1.2520571776392098e-05,kuhn_poker,CFRPlus,-11.288137524294218
11740,1.5492855232696057e-05,kuhn_poker,CFRPlus,-11.075131593039728
11760,1.2696341200102434e-05,kuhn_poker,CFRPlus,-11.274196700487039
11780,1.4837398997297191e-05,kuhn_poker,CFRPlus,-11.11835960531048
11800,1.1523937897717218e-05,kuhn_poker,CFRPlus,-11.371084129708507
11820,1.667601856344958e-05,kuhn_poker,CFRPlus,-11.001538884762752
11840,1.1179337058325745e-05,kuhn_poker,CFRPlus,-11.401443389104074
11860,1.5954941363027775e-05,kuhn_poker,CFRPlus,-11.045741973387937
11880,1.0547833007829022e-05,kuhn_poker,CFRPlus,-11.459590121241614
11900,1.7826116158331518e-05,kuhn_poker,CFRPlus,-10.934845976046107
11920,9.652379504010433e-06,kuhn_poker,CFRPlus,-11.54830609228294
11940,1.689776608104765e-05,kuhn_poker,CFRPlus,-10.98832912932579
11960,9.664474714787818e-06,kuhn_poker,CFRPlus,-11.547053796001045
11980,1.881997170735672e-05,kuhn_poker,CFRPlus,-10.880591927136718
12000,8.236178990705945e-06,kuhn_poker,CFRPlus,-11.706974036311967
12020,1.7497466171606524e-05,kuhn_poker,CFRPlus,-10.953454477711832
12040,8.955905711371948e-06,kuhn_poker,CFRPlus,-11.62319738726756
12060,1.9510493159013986e-05,kuhn_poker,CFRPlus,-10.844558126405563
12080,7.081718551488203e-06,kuhn_poker,CFRPlus,-11.857993946452552
12100,1.8184177749375197e-05,kuhn_poker,CFRPlus,-10.914958696419177
12120,8.506591715307099e-06,kuhn_poker,CFRPlus,-11.674669199091111
12140,1.9743717803749616e-05,kuhn_poker,CFRPlus,-10.832675203103285
12160,6.377263631007768e-06,kuhn_poker,CFRPlus,-11.962771450571779
12180,1.8838586032299265e-05,kuhn_poker,CFRPlus,-10.87960334299671
12200,8.394047231213841e-06,kuhn_poker,CFRPlus,-11.687987766286023
12220,1.938700521150749e-05,kuhn_poker,CFRPlus,-10.8509075507927
12240,8.151837002201567e-06,kuhn_poker,CFRPlus,-11.717267257066915
12260,1.9007689045585918e-05,kuhn_poker,CFRPlus,-10.870666974051588
12280,8.678298693748365e-06,kuhn_poker,CFRPlus,-11.6546850515275
12300,1.836631441384795e-05,kuhn_poker,CFRPlus,-10.904992309576782
12320,1.0158902496087974e-05,kuhn_poker,CFRPlus,-11.497160143687324
12340,1.8550652768567488e-05,kuhn_poker,CFRPlus,-10.895005579849784
12360,9.390608023851499e-06,kuhn_poker,CFRPlus,-11.575800514566584
12380,1.6705256967425308e-05,kuhn_poker,CFRPlus,-10.99978709960848
12400,1.2133446811835036e-05,kuhn_poker,CFRPlus,-11.319544719409656
12420,1.738947265012003e-05,kuhn_poker,CFRPlus,-10.959645554950356
12440,1.052099811704732e-05,kuhn_poker,CFRPlus,-11.462137477109025
12460,1.455279726478298e-05,kuhn_poker,CFRPlus,-11.137727330949676
12480,1.3747813359610284e-05,kuhn_poker,CFRPlus,-11.194630774890028
12500,1.5552154575548816e-05,kuhn_poker,CFRPlus,-11.071311371024185
12520,1.2003430735041398e-05,kuhn_poker,CFRPlus,-11.33031805444956
12540,1.218406247108228e-05,kuhn_poker,CFRPlus,-11.315381815079709
12560,1.467785269793076e-05,kuhn_poker,CFRPlus,-11.129170819459905
12580,1.3206694434830801e-05,kuhn_poker,CFRPlus,-11.234786702777305
12600,1.3698743096590693e-05,kuhn_poker,CFRPlus,-11.198206474113405
12620,9.964325432459953e-06,kuhn_poker,CFRPlus,-11.516499300272727
12640,1.5829196610667173e-05,kuhn_poker,CFRPlus,-11.053654436422583
12660,1.067126038836741e-05,kuhn_poker,CFRPlus,-11.447956375131222
12680,1.5381180508089454e-05,kuhn_poker,CFRPlus,-11.08236584077974
12700,8.279363844121423e-06,kuhn_poker,CFRPlus,-11.701744422938832
12720,1.8137100068538192e-05,kuhn_poker,CFRPlus,-10.917550989974291
12740,8.387785555147298e-06,kuhn_poker,CFRPlus,-11.688734010922929
12760,1.674487374722644e-05,kuhn_poker,CFRPlus,-10.997418391476215
12780,7.673098283866864e-06,kuhn_poker,CFRPlus,-11.777790075797364
12800,1.938228924125429e-05,kuhn_poker,CFRPlus,-10.851150834574003
12820,6.85383160586861e-06,kuhn_poker,CFRPlus,-11.890702703551838
12840,1.745296779256944e-05,kuhn_poker,CFRPlus,-10.956000849704047
12860,7.643586606681518e-06,kuhn_poker,CFRPlus,-11.78164361380723
12880,1.911519632380454e-05,kuhn_poker,CFRPlus,-10.86502692020139
12900,6.74502874481453e-06,kuhn_poker,CFRPlus,-11.906704806665818
12920,1.7234871375421124e-05,kuhn_poker,CFRPlus,-10.968575821010173
12940,8.83515831182069e-06,kuhn_poker,CFRPlus,-11.636771533641134
12960,1.7252539734918804e-05,kuhn_poker,CFRPlus,-10.96755119431454
12980,1.0189480510153226e-05,kuhn_poker,CFRPlus,-11.494154692387061
13000,1.599465057439131e-05,kuhn_poker,CFRPlus,-11.043256230728813
13020,1.0785367758781028e-05,kuhn_poker,CFRPlus,-11.437320179605672
13040,1.4192746482871721e-05,kuhn_poker,CFRPlus,-11.162779534930847
13060,1.3415022245583108e-05,kuhn_poker,CFRPlus,-11.219135415826182
13080,1.3876269963852828e-05,kuhn_poker,CFRPlus,-11.185330373593962
13100,1.3084954849834629e-05,kuhn_poker,CFRPlus,-11.244047472516614
13120,1.0751627831234734e-05,kuhn_poker,CFRPlus,-11.440453388693015
13140,1.5358854952324252e-05,kuhn_poker,CFRPlus,-11.083818380398265
13160,1.1274638310992957e-05,kuhn_poker,CFRPlus,-11.3929547519377
13180,1.521374799540176e-05,kuhn_poker,CFRPlus,-11.093311065519924
13200,7.925491356863823e-06,kuhn_poker,CFRPlus,-11.745426239256807
13220,1.6805182488754955e-05,kuhn_poker,CFRPlus,-10.99382323765218
13240,8.807069280469815e-06,kuhn_poker,CFRPlus,-11.639955831648694
13260,1.661477401693201e-05,kuhn_poker,CFRPlus,-11.005218257397852
13280,7.88740475235472e-06,kuhn_poker,CFRPlus,-11.750243405941049
13300,1.876128357211626e-05,kuhn_poker,CFRPlus,-10.883715196038283
13320,7.216185830216659e-06,kuhn_poker,CFRPlus,-11.839184023011061
13340,1.6826964710447978e-05,kuhn_poker,CFRPlus,-10.992527915970241
13360,8.686575689115239e-06,kuhn_poker,CFRPlus,-11.653731748231293
13380,1.844144292409422e-05,kuhn_poker,CFRPlus,-10.900910093217442
13400,7.165412900800305e-06,kuhn_poker,CFRPlus,-11.846244870877642
13420,1.5697006789744394e-05,kuhn_poker,CFRPlus,-11.062040514120849
13440,9.34141765623897e-06,kuhn_poker,CFRPlus,-11.581052533918216
13460,1.5755248526816423e-05,kuhn_poker,CFRPlus,-11.058337008406813
13480,1.062348795696777e-05,kuhn_poker,CFRPlus,-11.452443163213259
13500,1.3516299320032177e-05,kuhn_poker,CFRPlus,-11.211614243749851
13520,1.2468784406388655e-05,kuhn_poker,CFRPlus,-11.292282284468328
13540,1.1690425872151744e-05,kuhn_poker,CFRPlus,-11.35674035267751
13560,1.4394167031472893e-05,kuhn_poker,CFRPlus,-11.14868750070305
13580,1.0913485155139568e-05,kuhn_poker,CFRPlus,-11.425511363197318
13600,1.534051457638408e-05,kuhn_poker,CFRPlus,-11.08501321784305
13620,7.912704316187513e-06,kuhn_poker,CFRPlus,-11.747040948876332
13640,1.579803861193052e-05,kuhn_poker,CFRPlus,-11.055624764122584
13660,8.64509969200622e-06,kuhn_poker,CFRPlus,-11.658517907142333
13680,1.6862119664007302e-05,kuhn_poker,CFRPlus,-10.990440891821477
13700,7.352180096814598e-06,kuhn_poker,CFRPlus,-11.820513676908606
13720,1.8022788324217887e-05,kuhn_poker,CFRPlus,-10.923873582781058
13740,7.478279244299557e-06,kuhn_poker,CFRPlus,-11.803507839996422
13760,1.6413294047112892e-05,kuhn_poker,CFRPlus,-11.017418938874263
13780,9.49119364337947e-06,kuhn_poker,CFRPlus,-11.565146174181416
13800,1.748484332950162e-05,kuhn_poker,CFRPlus,-10.954176147769227
13820,8.033319172789932e-06,kuhn_poker,CFRPlus,-11.731912768860573
13840,1.4199924397079178e-05,kuhn_poker,CFRPlus,-11.162273917520585
13860,1.076821927595284e-05,kuhn_poker,CFRPlus,-11.438911421603486
13880,1.4135698924472306e-05,kuhn_poker,CFRPlus,-11.166807121668864
13900,1.101762083247082e-05,kuhn_poker,CFRPlus,-11.416014672968348
13920,1.123657191381966e-05,kuhn_poker,CFRPlus,-11.396336749891294
13940,1.4076656355249684e-05,kuhn_poker,CFRPlus,-11.170992710205175
13960,9.599336690313542e-06,kuhn_poker,CFRPlus,-11.553816556636644
13980,1.479484457364566e-05,kuhn_poker,CFRPlus,-11.121231777497078
14000,8.757515088636536e-06,kuhn_poker,CFRPlus,-11.645598358937454
14020,1.6806409775277364e-05,kuhn_poker,CFRPlus,-10.993750210078042
14040,6.2896375919996306e-06,kuhn_poker,CFRPlus,-11.97660710544606
14060,1.6736252240329152e-05,kuhn_poker,CFRPlus,-10.997933398473952
14080,7.64197732858185e-06,kuhn_poker,CFRPlus,-11.781854175630455
14100,1.679919912969674e-05,kuhn_poker,CFRPlus,-10.994179343542736
14120,8.715855367769088e-06,kuhn_poker,CFRPlus,-11.650366734896464
14140,1.7054300856716997e-05,kuhn_poker,CFRPlus,-10.979108136383523
14160,8.312690901152164e-06,kuhn_poker,CFRPlus,-11.697727186693866
14180,1.4138087225584739e-05,kuhn_poker,CFRPlus,-11.166638180650109
14200,1.1536948859330876e-05,kuhn_poker,CFRPlus,-11.369955728781752
14220,1.4201695441640183e-05,kuhn_poker,CFRPlus,-11.162149203185743
14240,1.0697479953469813e-05,kuhn_poker,CFRPlus,-11.445502362602527
14260,1.0473015779804973e-05,kuhn_poker,CFRPlus,-11.466708534461427
14280,1.3840439057444254e-05,kuhn_poker,CFRPlus,-11.187915884474164
14300,9.646213878528043e-06,kuhn_poker,CFRPlus,-11.548945063794486
14320,1.3919545446910986e-05,kuhn_poker,CFRPlus,-11.182216558267111
14340,7.868011266287667e-06,kuhn_poker,CFRPlus,-11.752705225525972
14360,1.7061618640790144e-05,kuhn_poker,CFRPlus,-10.978679141105474
14380,6.225456221142789e-06,kuhn_poker,CFRPlus,-11.986863829761983
14400,1.620881201971902e-05,kuhn_poker,CFRPlus,-11.0299555117796
14420,7.4712968916590405e-06,kuhn_poker,CFRPlus,-11.804441960547363
14440,1.659523602517976e-05,kuhn_poker,CFRPlus,-11.006394890225218
14460,8.74710756196273e-06,kuhn_poker,CFRPlus,-11.646787476590305
14480,1.58075399062374e-05,kuhn_poker,CFRPlus,-11.055023522503946
14500,9.217276631473537e-06,kuhn_poker,CFRPlus,-11.594430940223841
14520,1.2862315524830858e-05,kuhn_poker,CFRPlus,-11.261208798999794
14540,1.2507683168683226e-05,kuhn_poker,CFRPlus,-11.28916744898345
14560,1.2481766771543779e-05,kuhn_poker,CFRPlus,-11.291241636810154
14580,1.2219698416332525e-05,kuhn_poker,CFRPlus,-11.312461284039893
14600,8.64660400648476e-06,kuhn_poker,CFRPlus,-11.658343914514589
14620,1.5085108001328118e-05,kuhn_poker,CFRPlus,-11.101802525860938
14640,8.184058912397152e-06,kuhn_poker,CFRPlus,-11.713322330856359
14660,1.4953474720719173e-05,kuhn_poker,CFRPlus,-11.110566862342992
14680,6.833594762001294e-06,kuhn_poker,CFRPlus,-11.893659703365985
14700,1.7375268554858936e-05,kuhn_poker,CFRPlus,-10.960462710238108
14720,5.989891959101712e-06,kuhn_poker,CFRPlus,-12.025437182877427
14740,1.5613468911851447e-05,kuhn_poker,CFRPlus,-11.067376624431722
14760,8.100694899121352e-06,kuhn_poker,CFRPlus,-11.723560709950652
14780,1.4935311385827488e-05,kuhn_poker,CFRPlus,-11.11178225711097
14800,1.0524963015484667e-05,kuhn_poker,CFRPlus,-11.461760692370206
14820,1.3416864411502916e-05,kuhn_poker,CFRPlus,-11.218998104130867
14840,1.138098153416478e-05,kuhn_poker,CFRPlus,-11.383566882180135
14860,9.889879876073815e-06,kuhn_poker,CFRPlus,-11.523998558402019
14880,1.3805541857953019e-05,kuhn_poker,CFRPlus,-11.190440462504712
14900,9.524831606294581e-06,kuhn_poker,CFRPlus,-11.561608316236963
14920,1.4450303851998303e-05,kuhn_poker,CFRPlus,-11.144795115806962
14940,6.940885062284297e-06,kuhn_poker,CFRPlus,-11.87808126098838
14960,1.6841752116220077e-05,kuhn_poker,CFRPlus,-10.99164950965621
14980,6.616638436429678e-06,kuhn_poker,CFRPlus,-11.925923106042843
15000,1.5289117898553695e-05,kuhn_poker,CFRPlus,-11.088369231083611
15020,7.798917721790755e-06,kuhn_poker,CFRPlus,-11.761525587512471
15040,1.5949141349225204e-05,kuhn_poker,CFRPlus,-11.046105564086893
15060,8.221763889038058e-06,kuhn_poker,CFRPlus,-11.708725786875137
15080,1.3238565877371489e-05,kuhn_poker,CFRPlus,-11.23237633074124
15100,1.0877589447899627e-05,kuhn_poker,CFRPlus,-11.42880589918156
15120,1.0827794797857448e-05,kuhn_poker,CFRPlus,-11.433394137457784
15140,1.3410038124384016e-05,kuhn_poker,CFRPlus,-11.219507017693072
15160,9.68494873826442e-06,kuhn_poker,CFRPlus,-11.544937554019228
15180,1.453172789595003e-05,kuhn_poker,CFRPlus,-11.139176168254197
15200,6.336633514819612e-06,kuhn_poker,CFRPlus,-11.969162921894346
15220,1.6070476843321746e-05,kuhn_poker,CFRPlus,-11.038526705766364
15240,7.037453924080284e-06,kuhn_poker,CFRPlus,-11.864264111719859
15260,1.5213291050336641e-05,kuhn_poker,CFRPlus,-11.093341100980453
15280,8.431933280317327e-06,kuhn_poker,CFRPlus,-11.683484478872412
15300,1.5971493975697193e-05,kuhn_poker,CFRPlus,-11.044705051227544
15320,7.552553082379454e-06,kuhn_poker,CFRPlus,-11.79362489525885
15340,1.2576978573181075e-05,kuhn_poker,CFRPlus,-11.28364251255173
15360,1.0783955496806996e-05,kuhn_poker,CFRPlus,-11.437451130582605
15380,1.093457761566774e-05,kuhn_poker,CFRPlus,-11.42358053140666
15400,1.2767996968393591e-05,kuhn_poker,CFRPlus,-11.268568754694694
15420,8.991773929101221e-06,kuhn_poker,CFRPlus,-11.619200406465596
15440,1.4981558036364362e-05,kuhn_poker,CFRPlus,-11.108690577515652
15460,6.1051871116379886e-06,kuhn_poker,CFRPlus,-12.006371801954323
15480,1.563882042335263e-05,kuhn_poker,CFRPlus,-11.065754246193128
15500,7.098469887889536e-06,kuhn_poker,CFRPlus,-11.855631305890304
15520,1.5116835739792389e-05,kuhn_poker,CFRPlus,-11.09970148558302
15540,8.90593665539563e-06,kuhn_poker,CFRPlus,-11.628792463666342
15560,1.5258871228829296e-05,kuhn_poker,CFRPlus,-11.090349504121066
15580,8.360352524938719e-06,kuhn_poker,CFRPlus,-11.69200996370184
15600,1.1457761062205751e-05,kuhn_poker,CFRPlus,-11.376843235554919
15620,1.1374547109588296e-05,kuhn_poker,CFRPlus,-11.384132408461568
15640,1.0105633443446838e-05,kuhn_poker,CFRPlus,-11.502417522933174
15660,1.2525250455502901e-05,kuhn_poker,CFRPlus,-11.287763914745934
15680,7.848361470941256e-06,kuhn_poker,CFRPlus,-11.755205777773456
15700,1.5643950551091912e-05,kuhn_poker,CFRPlus,-11.06542626196248
15720,5.702989886335885e-06,kuhn_poker,CFRPlus,-12.074519979185117
15740,1.5418337958511552e-05,kuhn_poker,CFRPlus,-11.079952980430017
15760,7.2092743312046625e-06,kuhn_poker,CFRPlus,-11.84014225927715
15780,1.4519110519667366e-05,kuhn_poker,CFRPlus,-11.14004480942011
15800,9.759995382746522e-06,kuhn_poker,CFRPlus,-11.537218630618636
15820,1.3821624591126014e-05,kuhn_poker,CFRPlus,-11.189276192906572
15840,9.741614169445079e-06,kuhn_poker,CFRPlus,-11.53910372822512
15860,9.724342743516745e-06,kuhn_poker,CFRPlus,-11.540878254957898
15880,1.2768591169526333e-05,kuhn_poker,CFRPlus,-11.26852221745725
15900,8.554285010065055e-06,kuhn_poker,CFRPlus,-11.669078229791888
15920,1.3509261223981772e-05,kuhn_poker,CFRPlus,-11.212135091130468
15940,6.731700926992934e-06,kuhn_poker,CFRPlus,-11.908682708202932
15960,1.60971325051662e-05,kuhn_poker,CFRPlus,-11.036869407105664
15980,5.543127832879913e-06,kuhn_poker,CFRPlus,-12.10295162575394
16000,1.4796682070494782e-05,kuhn_poker,CFRPlus,-11.121107586753316
16020,8.005152310280872e-06,kuhn_poker,CFRPlus,-11.735425184803304
16040,1.2879274244342875e-05,kuhn_poker,CFRPlus,-11.259891186364554
16060,1.1205646889778098e-05,kuhn_poker,CFRPlus,-11.399092720135247
16080,1.1566030462678567e-05,kuhn_poker,CFRPlus,-11.36743816441894
16100,1.1742113292328993e-05,kuhn_poker,CFRPlus,-11.352328751899316
16120,7.532788032948989e-06,kuhn_poker,CFRPlus,-11.796245327980836
16140,1.4632990542273738e-05,kuhn_poker,CFRPlus,-11.132231952182783
16160,6.8894641061800765e-06,kuhn_poker,CFRPlus,-11.885517254457067
16180,1.4374184511750654e-05,kuhn_poker,CFRPlus,-11.150076702507391
16200,6.676174197195461e-06,kuhn_poker,CFRPlus,-11.916965459456053
16220,1.5462423055251362e-05,kuhn_poker,CFRPlus,-11.077097796474614
16240,7.436180252756719e-06,kuhn_poker,CFRPlus,-11.809153247845254
16260,1.3041466289276382e-05,kuhn_poker,CFRPlus,-11.247376562290633
16280,1.0009748827310982e-05,kuhn_poker,CFRPlus,-11.511951057128684
16300,9.984591072265125e-06,kuhn_poker,CFRPlus,-11.514467546139937
16320,1.2781517751248028e-05,kuhn_poker,CFRPlus,-11.267510356187719
16340,8.830207765514464e-06,kuhn_poker,CFRPlus,-11.637332014121883
16360,1.3801990160461353e-05,kuhn_poker,CFRPlus,-11.190697761672844
16380,6.510780045099196e-06,kuhn_poker,CFRPlus,-11.942051286326068
16400,1.582512737116626e-05,kuhn_poker,CFRPlus,-11.053911541235541
16420,6.217425798954457e-06,kuhn_poker,CFRPlus,-11.988154595565323
16440,1.3713858829311754e-05,kuhn_poker,CFRPlus,-11.197103643065558
16460,8.04175940366525e-06,kuhn_poker,CFRPlus,-11.730862667411827
16480,1.2833636519909986e-05,kuhn_poker,CFRPlus,-11.263440980689658
16500,1.0389808445976367e-05,kuhn_poker,CFRPlus,-11.4746851894065
16520,1.0058696793852073e-05,kuhn_poker,CFRPlus,-11.50707294503881
16540,1.2937752151803705e-05,kuhn_poker,CFRPlus,-11.255360997134124
16560,6.687508223995886e-06,kuhn_poker,CFRPlus,-11.91526921598651
16580,1.433508804343786e-05,kuhn_poker,CFRPlus,-11.152800316796538
16600,6.850798959734394e-06,kuhn_poker,CFRPlus,-11.891145276034067
16620,1.43499369995026e-05,kuhn_poker,CFRPlus,-11.151765006046846
16640,8.064258114198752e-06,kuhn_poker,CFRPlus,-11.728068838938341
16660,1.4599897424527608e-05,kuhn_poker,CFRPlus,-11.134496054991951
16680,7.725192118529511e-06,kuhn_poker,CFRPlus,-11.771023865777153
16700,1.0860381877308978e-05,kuhn_poker,CFRPlus,-11.430389080420268
16720,1.1402998757653604e-05,kuhn_poker,CFRPlus,-11.381634188238142
16740,8.593080832758337e-06,kuhn_poker,CFRPlus,-11.664553232862776
16760,1.2878248677544724e-05,kuhn_poker,CFRPlus,-11.259970818773446
16780,7.248235365103772e-06,kuhn_poker,CFRPlus,-11.834752516640492
16800,1.4840054901460453e-05,kuhn_poker,CFRPlus,-11.118180620672552
16820,6.5718576129636386e-06,kuhn_poker,CFRPlus,-11.932714023732473
16840,1.4900730490097214e-05,kuhn_poker,CFRPlus,-11.114100320033582
16860,7.3704392292983645e-06,kuhn_poker,CFRPlus,-11.818033256619131
16880,1.1794187149666291e-05,kuhn_poker,CFRPlus,-11.347903762302067
16900,1.0337641057067692e-05,kuhn_poker,CFRPlus,-11.479718852525679
16920,1.043032490702367e-05,kuhn_poker,CFRPlus,-11.470793138236047
16940,1.128249230930578e-05,kuhn_poker,CFRPlus,-11.392258386893545
16960,7.319450885112655e-06,kuhn_poker,CFRPlus,-11.824975248499864
16980,1.4799061329562324e-05,kuhn_poker,CFRPlus,-11.120946802883791
17000,5.441310511888897e-06,kuhn_poker,CFRPlus,-12.12149062318812
17020,1.4385719177140155e-05,kuhn_poker,CFRPlus,-11.149274567275455
17040,7.110979874713763e-06,kuhn_poker,CFRPlus,-11.853870507229496
17060,1.289397820583571e-05,kuhn_poker,CFRPlus,-11.25875016133354
17080,1.0158050134989605e-05,kuhn_poker,CFRPlus,-11.49724405007962
17100,1.1511746099146514e-05,kuhn_poker,CFRPlus,-11.372142643943269
17120,1.075374436604326e-05,kuhn_poker,CFRPlus,-11.440256550917232
17140,7.417162101869268e-06,kuhn_poker,CFRPlus,-11.811714039999135
17160,1.4152600018774164e-05,kuhn_poker,CFRPlus,-11.165612203844589
17180,6.182687631417494e-06,kuhn_poker,CFRPlus,-11.993757489217584
17200,1.3830524900393382e-05,kuhn_poker,CFRPlus,-11.188632459255599
17220,6.63266171888055e-06,kuhn_poker,CFRPlus,-11.92350436843787
17240,1.3863431655491976e-05,kuhn_poker,CFRPlus,-11.18625600065756
17260,8.954913635256245e-06,kuhn_poker,CFRPlus,-11.623308166802266
17280,1.1787324172979341e-05,kuhn_poker,CFRPlus,-11.348485826512187
17300,1.0587564812425398e-05,kuhn_poker,CFRPlus,-11.455830376406217
17320,7.722101368928813e-06,kuhn_poker,CFRPlus,-11.771424032918983
17340,1.3212004585511083e-05,kuhn_poker,CFRPlus,-11.234384703364109
17360,6.876159238139445e-06,kuhn_poker,CFRPlus,-11.887450312169149
17380,1.3599123903695887e-05,kuhn_poker,CFRPlus,-11.20550518614314
17400,6.669941091330678e-06,kuhn_poker,CFRPlus,-11.917899529960199
17420,1.4439789546794035e-05,kuhn_poker,CFRPlus,-11.145522998927543
17440,7.418463641412076e-06,kuhn_poker,CFRPlus,-11.81153857863759
17460,1.1568586002569381e-05,kuhn_poker,CFRPlus,-11.367217236624002
17480,1.0498130727232269e-05,kuhn_poker,CFRPlus,-11.46431334262718
17500,8.14119894385068e-06,kuhn_poker,CFRPlus,-11.718573098396645
17520,1.2483634647481034e-05,kuhn_poker,CFRPlus,-11.291091999645554
17540,7.19995544201657e-06,kuhn_poker,CFRPlus,-11.841435720570223
17560,1.3692647878954523e-05,kuhn_poker,CFRPlus,-11.198651520350175
17580,6.995143087829003e-06,kuhn_poker,CFRPlus,-11.87029449432638
17600,1.4551961594777563e-05,kuhn_poker,CFRPlus,-11.13778475592335
17620,6.741203114030148e-06,kuhn_poker,CFRPlus,-11.90727214540462
17640,1.1154892569975594e-05,kuhn_poker,CFRPlus,-11.403632360787238
17660,1.040176746219812e-05,kuhn_poker,CFRPlus,-11.473534817968241
17680,8.472637284484552e-06,kuhn_poker,CFRPlus,-11.678668730057435
17700,1.2393827499290744e-05,kuhn_poker,CFRPlus,-11.298311991603292
17720,7.108642151254507e-06,kuhn_poker,CFRPlus,-11.854199309707656
17740,1.396229305897223e-05,kuhn_poker,CFRPlus,-11.179150214880421
17760,6.841205033136788e-06,kuhn_poker,CFRPlus,-11.892546667411505
17780,1.427978676429853e-05,kuhn_poker,CFRPlus,-11.156665533636417
17800,7.160484731455474e-06,kuhn_poker,CFRPlus,-11.846932879359308
17820,1.0673890556922583e-05,kuhn_poker,CFRPlus,-11.447709933344491
17840,1.0370133922993352e-05,kuhn_poker,CFRPlus,-11.476580621342068
17860,8.552927633326268e-06,kuhn_poker,CFRPlus,-11.66923692037111
17880,1.1923650166889566e-05,kuhn_poker,CFRPlus,-11.33698672114898
17900,6.721218365285386e-06,kuhn_poker,CFRPlus,-11.91024111550492
17920,1.4248078797601815e-05,kuhn_poker,CFRPlus,-11.158888481559737
17940,6.49178296563413e-06,kuhn_poker,CFRPlus,-11.944973339919107
17960,1.3734160963507769e-05,kuhn_poker,CFRPlus,-11.195624327759635
17980,7.721304907115645e-06,kuhn_poker,CFRPlus,-11.771527178792327
18000,1.0110958773068557e-05,kuhn_poker,CFRPlus,-11.501890695296956
18020,1.0517518565317241e-05,kuhn_poker,CFRPlus,-11.462468256299815
18040,8.317720544215312e-06,kuhn_poker,CFRPlus,-11.697122313719674
18060,1.2130907687368797e-05,kuhn_poker,CFRPlus,-11.319754007851728
18080,6.2093477489755244e-06,kuhn_poker,CFRPlus,-11.989454699906265
18100,1.4418657070025542e-05,kuhn_poker,CFRPlus,-11.146987560123536
18120,6.234233723839688e-06,kuhn_poker,CFRPlus,-11.985454885528588
18140,1.2970542330043022e-05,kuhn_poker,CFRPlus,-11.25282974632021
18160,8.421526895036058e-06,kuhn_poker,CFRPlus,-11.6847194046972
18180,9.395817032048503e-06,kuhn_poker,CFRPlus,-11.575245964319265
18200,1.1182381815799669e-05,kuhn_poker,CFRPlus,-11.401171070369553
18220,7.805799270899083e-06,kuhn_poker,CFRPlus,-11.760643604256044
18240,1.2581009965040302e-05,kuhn_poker,CFRPlus,-11.283322026524987
18260,5.955204303742523e-06,kuhn_poker,CFRPlus,-12.031245047812261
18280,1.4356328182418832e-05,kuhn_poker,CFRPlus,-11.151319724643546
18300,6.260152533965613e-06,kuhn_poker,CFRPlus,-11.981306006700942
18320,1.1976067648356015e-05,kuhn_poker,CFRPlus,-11.332600262202579
18340,9.31382924884705e-06,kuhn_poker,CFRPlus,-11.584010246313486
18360,8.479636926211898e-06,kuhn_poker,CFRPlus,-11.677842924382263
18380,1.1735717513811084e-05,kuhn_poker,CFRPlus,-11.35287358747028
18400,7.145403683017637e-06,kuhn_poker,CFRPlus,-11.849041249505564
18420,1.3006113315977563e-05,kuhn_poker,CFRPlus,-11.250091055962807
18440,6.5558529036835456e-06,kuhn_poker,CFRPlus,-11.935152334234411
18460,1.3937409829994918e-05,kuhn_poker,CFRPlus,-11.180933978361642
18480,6.649653788159959e-06,kuhn_poker,CFRPlus,-11.920945766582614
18500,1.0714145643769823e-05,kuhn_poker,CFRPlus,-11.443945666816884
18520,1.0436301437183326e-05,kuhn_poker,CFRPlus,-11.470220306746711
18540,7.391931196421009e-06,kuhn_poker,CFRPlus,-11.815121531511688
18560,1.2315704656290505e-05,kuhn_poker,CFRPlus,-11.304635308679122
18580,6.541486255423612e-06,kuhn_poker,CFRPlus,-11.937346162132961
18600,1.316037602019926e-05,kuhn_poker,CFRPlus,-11.238300059511834
18620,7.340225288976487e-06,kuhn_poker,CFRPlus,-11.822141022487832
18640,1.3044536314288369e-05,kuhn_poker,CFRPlus,-11.24714118509829
18660,7.5979562504380205e-06,kuhn_poker,CFRPlus,-11.787631261252004
18680,9.198250781133899e-06,kuhn_poker,CFRPlus,-11.596497224472198
18700,1.1738023863699931e-05,kuhn_poker,CFRPlus,-11.352677082800726
18720,6.277984926444935e-06,kuhn_poker,CFRPlus,-11.97846150055967
18740,1.2960250613286428e-05,kuhn_poker,CFRPlus,-11.253623529782171
18760,6.25778339263805e-06,kuhn_poker,CFRPlus,-11.981684526190058
18780,1.2779604688428758e-05,kuhn_poker,CFRPlus,-11.267660041541118
18800,8.385135530891707e-06,kuhn_poker,CFRPlus,-11.689049999326384
18820,1.1626038657314153e-05,kuhn_poker,CFRPlus,-11.362263263616315
18840,9.090811747741734e-06,kuhn_poker,CFRPlus,-11.608246352580291
18860,7.567970580574235e-06,kuhn_poker,CFRPlus,-11.791585613567094
18880,1.3011536946189173e-05,kuhn_poker,CFRPlus,-11.249674136661062
18900,5.407616844366192e-06,kuhn_poker,CFRPlus,-12.127702071517934
18920,1.3151950101181198e-05,kuhn_poker,CFRPlus,-11.238940513667593
18940,6.571429138291229e-06,kuhn_poker,CFRPlus,-11.932779224268788
18960,1.1662561794439918e-05,kuhn_poker,CFRPlus,-11.359126693246228
18980,9.625772397214849e-06,kuhn_poker,CFRPlus,-11.551066431948927
19000,9.787404931876909e-06,kuhn_poker,CFRPlus,-11.534414209912722
19020,1.0750285384747427e-05,kuhn_poker,CFRPlus,-11.440578256324613
19040,6.134140966423951e-06,kuhn_poker,CFRPlus,-12.00164051137815
19060,1.3865344974023364e-05,kuhn_poker,CFRPlus,-11.186117998281185
19080,5.134291932079593e-06,kuhn_poker,CFRPlus,-12.179568614631043
19100,1.2552439925150871e-05,kuhn_poker,CFRPlus,-11.285595494936207
19120,7.675989654981619e-06,kuhn_poker,CFRPlus,-11.777413327529262
19140,9.810215009453671e-06,kuhn_poker,CFRPlus,-11.532086367251683
19160,1.0806968313098464e-05,kuhn_poker,CFRPlus,-11.435319417719493
19180,7.8648363137368e-06,kuhn_poker,CFRPlus,-11.753108833655755
19200,1.2142730602876517e-05,kuhn_poker,CFRPlus,-11.31877987152315
19220,5.946713197008124e-06,kuhn_poker,CFRPlus,-12.032671894902142
19240,1.3804168313785725e-05,kuhn_poker,CFRPlus,-11.19053995968595
19260,5.834203268439975e-06,kuhn_poker,CFRPlus,-12.05177284508938
19280,1.1019629456821e-05,kuhn_poker,CFRPlus,-11.41583237941272
19300,9.525945909472089e-06,kuhn_poker,CFRPlus,-11.56149133380117
19320,7.5595051894084e-06,kuhn_poker,CFRPlus,-11.792704821051306
19340,1.1747415637197722e-05,kuhn_poker,CFRPlus,-11.35187728733613
19360,6.412179851755795e-06,kuhn_poker,CFRPlus,-11.95731127436583
19380,1.2642459402606443e-05,kuhn_poker,CFRPlus,-11.278449615181415
19400,6.955243322698257e-06,kuhn_poker,CFRPlus,-11.876014747909931
19420,1.247883206278999e-05,kuhn_poker,CFRPlus,-11.291476784114655
19440,7.79463098662947e-06,kuhn_poker,CFRPlus,-11.76207539632757
19460,8.828694863377562e-06,kuhn_poker,CFRPlus,-11.63750336136496
19480,1.1663472712586387e-05,kuhn_poker,CFRPlus,-11.359048590116727
19500,5.599951907520051e-06,kuhn_poker,CFRPlus,-12.092752548202895
19520,1.3041616447384552e-05,kuhn_poker,CFRPlus,-11.24736504845926
19540,6.047114410212551e-06,kuhn_poker,CFRPlus,-12.01592935669135
19560,1.1717784571096956e-05,kuhn_poker,CFRPlus,-11.35440282145367
19580,8.459796189186353e-06,kuhn_poker,CFRPlus,-11.680185475749063
19600,1.0035641992950373e-05,kuhn_poker,CFRPlus,-11.509367602381108
19620,9.75188898388879e-06,kuhn_poker,CFRPlus,-11.538049549782752
19640,6.738993860749831e-06,kuhn_poker,CFRPlus,-11.907599923003751
19660,1.3165728200259519e-05,kuhn_poker,CFRPlus,-11.237893453195214
19680,5.216095437632351e-06,kuhn_poker,CFRPlus,-12.163761436415221
19700,1.2827781684210393e-05,kuhn_poker,CFRPlus,-11.263897294970858
19720,7.143279929150426e-06,kuhn_poker,CFRPlus,-11.849338513262044
19740,9.416288147517937e-06,kuhn_poker,CFRPlus,-11.573069586571602
19760,1.005843790477523e-05,kuhn_poker,CFRPlus,-11.50709868320488
19780,7.295730472950401e-06,kuhn_poker,CFRPlus,-11.828221247630308
19800,1.1744162455529228e-05,kuhn_poker,CFRPlus,-11.35215425312161
19820,5.768216549906224e-06,kuhn_poker,CFRPlus,-12.063147615360037
19840,1.2966620887566727e-05,kuhn_poker,CFRPlus,-11.253132126536062
19860,7.393269653405143e-06,kuhn_poker,CFRPlus,-11.814940477902557
19880,1.0891207575858264e-05,kuhn_poker,CFRPlus,-11.427554738658518
19900,9.429312965186787e-06,kuhn_poker,CFRPlus,-11.571687320262898
19920,6.672255556589013e-06,kuhn_poker,CFRPlus,-11.917552590795289
19940,1.2597400036867823e-05,kuhn_poker,CFRPlus,-11.282020111579495
19960,5.51712957849726e-06,kuhn_poker,CFRPlus,-12.107652836819609
19980,1.2167928554435159e-05,kuhn_poker,CFRPlus,-11.316706874619264
20000,6.6802654756781266e-06,kuhn_poker,CFRPlus,-11.916352829337423
